rating,date,title,body
5.0,17 April 2025,5.0 out of 5 stars,Durable paddle that helps with control and powerful hits.
5.0,29 May 2025,5.0 out of 5 stars,"Since switching to this paddle, I‚Äôve noticed a significant improvement in my shot placement. The 16mm thickness gives a nice blend of power and control, and the fiberglass surface adds that extra bit of responsiveness. It‚Äôs made my game more consistent."
4.0,21 May 2025,4.0 out of 5 stars,"After months of frequent use, this paddle still looks and performs like new. The fiberglass surface holds up well against scratches and dings, and the handle wrap hasn‚Äôt unraveled or worn out. Definitely impressed with how durable this paddle is."
5.0,18 June 2025,5.0 out of 5 stars,Very good product.. Quite functional !
5.0,5 May 2025,5.0 out of 5 stars,"Designed to withstand heavy hits, this paddle‚Äôs fiberglass surface guarantees a great playing experience for a long time."
1.0,8 July 2025,1.0 out of 5 stars,There is no cover of racket
5.0,6 May 2025,5.0 out of 5 stars,Durable build improves control and shot strength.
4.0,5 May 2025,4.0 out of 5 stars,Durable fiberglass surface adds power and control
4.0,17 May 2025,4.0 out of 5 stars,We were also expecting a dust cover along with the paddle however it was not included. The paddle quality looks good as described but adding a cover would have justified its price.
5.0,21 May 2025,5.0 out of 5 stars,"I was a bit skeptical at first given the price point, but this paddle truly exceeded expectations. It has a solid feel, great control, and is comparable to much more expensive paddles I've tried. A great pick for beginners or intermediate players looking for quality without breaking the bank."
5.0,16 June 2025,5.0 out of 5 stars,Good Quality
5.0,26 April 2025,5.0 out of 5 stars,Super powerüí• paddle amazing experience go for it üëçüèª
5.0,9 April 2025,5.0 out of 5 stars,"The pickleball paddle arrived quickly, well-packaged, and is excellent quality. Highly recommend this seller for reliable service and great products."
5.0,16 April 2025,5.0 out of 5 stars,"The fiberglass surface holds up great, even after many games"
5.0,3 April 2025,5.0 out of 5 stars,"This fiberglass surface offers outstanding longevity, withstanding heavy use without signs of wear. Perfect for consistent play!"
5.0,1 April 2025,5.0 out of 5 stars,"The fiberglass surface provides an impressive blend of toughness and resilience, keeping the paddle like&nbsp;new&nbsp;for&nbsp;longer."
5.0,9 April 2025,5.0 out of 5 stars,Lasts long and improves shot accuracy
5.0,9 April 2025,5.0 out of 5 stars,Tough design enhances spin and consistency
1.0,16 July 2025,1.0 out of 5 stars,Highly disappointed plus they are not replaceableb and non refundable total waste of money after reading this do not dare to buy
5.0,25 March 2025,5.0 out of 5 stars,Good to go for daily use
5.0,16 April 2025,5.0 out of 5 stars,Fiberglass surface boosts the performance and holds up over time
5.0,1 April 2025,5.0 out of 5 stars,Great quality
5.0,1 April 2025,5.0 out of 5 stars,Strong and sturdy-no cracks or wear after lots of use
5.0,1 April 2025,5.0 out of 5 stars,Still like new after months of games!
5.0,26 March 2025,5.0 out of 5 stars,"Excellent durability! The fiberglass construction holds up even in harsh conditions, ensuring reliable performance throughout."
